{
	"info": {
		"_postman_id": "b55e2cc7-134e-4789-84db-0265a0705f2b",
		"name": "Election App",
		"schema": "https://schema.getpostman.com/json/collection/v2.1.0/collection.json"
	},
	"item": [
		{
			"name": "Category",
			"item": [
				{
					"name": "Create Category",
					"request": {
						"method": "POST",
						"header": [],
						"body": {
							"mode": "raw",
							"raw": "{\r\n    \"name\" : \"Secretary\"\r\n}",
							"options": {
								"raw": {
									"language": "json"
								}
							}
						},
						"url": {
							"raw": "https://localhost:7091/api/v2/category",
							"protocol": "https",
							"host": [
								"localhost"
							],
							"port": "7091",
							"path": [
								"api",
								"v2",
								"category"
							]
						}
					},
					"response": []
				},
				{
					"name": "Get all categories",
					"request": {
						"method": "GET",
						"header": [],
						"url": {
							"raw": "https://localhost:7091/api/v2/category",
							"protocol": "https",
							"host": [
								"localhost"
							],
							"port": "7091",
							"path": [
								"api",
								"v2",
								"category"
							]
						}
					},
					"response": []
				},
				{
					"name": "Get category by Id",
					"request": {
						"method": "GET",
						"header": [],
						"url": {
							"raw": "https://localhost:7091/api/v2/category/3",
							"protocol": "https",
							"host": [
								"localhost"
							],
							"port": "7091",
							"path": [
								"api",
								"v2",
								"category",
								"3"
							]
						}
					},
					"response": []
				}
			]
		},
		{
			"name": "Candidate",
			"item": [
				{
					"name": "Add Candidate",
					"request": {
						"method": "POST",
						"header": [],
						"body": {
							"mode": "raw",
							"raw": "{\r\n    \"name\" : \"Jessica\",\r\n    \"socialSecurityNumber\" : \"aaa-4103\"\r\n}",
							"options": {
								"raw": {
									"language": "json"
								}
							}
						},
						"url": {
							"raw": "https://localhost:7091/api/v2/candidate",
							"protocol": "https",
							"host": [
								"localhost"
							],
							"port": "7091",
							"path": [
								"api",
								"v2",
								"candidate"
							]
						}
					},
					"response": []
				},
				{
					"name": "Get Candidates",
					"request": {
						"method": "GET",
						"header": [],
						"url": {
							"raw": "https://localhost:7091/api/v2/candidate",
							"protocol": "https",
							"host": [
								"localhost"
							],
							"port": "7091",
							"path": [
								"api",
								"v2",
								"candidate"
							]
						}
					},
					"response": []
				},
				{
					"name": "Get Candidate by id",
					"request": {
						"method": "GET",
						"header": [],
						"url": {
							"raw": "https://localhost:7091/api/v2/candidate/2",
							"protocol": "https",
							"host": [
								"localhost"
							],
							"port": "7091",
							"path": [
								"api",
								"v2",
								"candidate",
								"2"
							]
						}
					},
					"response": []
				},
				{
					"name": "Add candidate to category",
					"request": {
						"method": "POST",
						"header": [],
						"body": {
							"mode": "raw",
							"raw": "{\r\n    \"categoryId\" : 2,\r\n    \"candidateId\" : 2\r\n}",
							"options": {
								"raw": {
									"language": "json"
								}
							}
						},
						"url": {
							"raw": "https://localhost:7091/api/v2/candidate/category",
							"protocol": "https",
							"host": [
								"localhost"
							],
							"port": "7091",
							"path": [
								"api",
								"v2",
								"candidate",
								"category"
							]
						}
					},
					"response": []
				}
			]
		},
		{
			"name": "Elastic Search",
			"item": [
				{
					"name": "candidates search",
					"request": {
						"method": "GET",
						"header": [],
						"url": {
							"raw": "http://localhost:9200/candidates/_search",
							"protocol": "http",
							"host": [
								"localhost"
							],
							"port": "9200",
							"path": [
								"candidates",
								"_search"
							]
						}
					},
					"response": []
				},
				{
					"name": "Candidate Categories",
					"request": {
						"method": "GET",
						"header": [],
						"url": {
							"raw": "http://localhost:9200/candidatecategories/_search",
							"protocol": "http",
							"host": [
								"localhost"
							],
							"port": "9200",
							"path": [
								"candidatecategories",
								"_search"
							]
						}
					},
					"response": []
				},
				{
					"name": "categories search",
					"request": {
						"method": "GET",
						"header": [],
						"url": {
							"raw": "http://localhost:9200/categories/_search",
							"protocol": "http",
							"host": [
								"localhost"
							],
							"port": "9200",
							"path": [
								"categories",
								"_search"
							]
						}
					},
					"response": []
				},
				{
					"name": "voters search",
					"request": {
						"method": "GET",
						"header": [],
						"url": {
							"raw": "http://localhost:9200/voters/_search",
							"protocol": "http",
							"host": [
								"localhost"
							],
							"port": "9200",
							"path": [
								"voters",
								"_search"
							]
						}
					},
					"response": []
				},
				{
					"name": "votes search",
					"request": {
						"method": "GET",
						"header": [],
						"url": {
							"raw": "http://localhost:9200/votes/_search",
							"protocol": "http",
							"host": [
								"localhost"
							],
							"port": "9200",
							"path": [
								"votes",
								"_search"
							]
						}
					},
					"response": []
				},
				{
					"name": "get candidate votes",
					"request": {
						"method": "GET",
						"header": [],
						"url": {
							"raw": "https://localhost:7091/api/v2/votes",
							"protocol": "https",
							"host": [
								"localhost"
							],
							"port": "7091",
							"path": [
								"api",
								"v2",
								"votes"
							]
						}
					},
					"response": []
				}
			]
		},
		{
			"name": "Voter",
			"item": [
				{
					"name": "create voter",
					"request": {
						"method": "POST",
						"header": [],
						"body": {
							"mode": "raw",
							"raw": "{\r\n    \"name\" : \"Jim Carrey\",\r\n    \"age\" : 37,\r\n    \"socialSecurityNumber\" : \"adf-64541577\"\r\n}",
							"options": {
								"raw": {
									"language": "json"
								}
							}
						},
						"url": {
							"raw": "https://localhost:7091/api/v2/voter",
							"protocol": "https",
							"host": [
								"localhost"
							],
							"port": "7091",
							"path": [
								"api",
								"v2",
								"voter"
							]
						}
					},
					"response": []
				},
				{
					"name": "get active voter",
					"request": {
						"method": "GET",
						"header": [],
						"url": {
							"raw": "https://localhost:7091/api/v2/voter",
							"protocol": "https",
							"host": [
								"localhost"
							],
							"port": "7091",
							"path": [
								"api",
								"v2",
								"voter"
							]
						}
					},
					"response": []
				},
				{
					"name": "update age",
					"request": {
						"method": "PUT",
						"header": [],
						"url": {
							"raw": "https://localhost:7091/api/v2/voter/1/19",
							"protocol": "https",
							"host": [
								"localhost"
							],
							"port": "7091",
							"path": [
								"api",
								"v2",
								"voter",
								"1",
								"19"
							]
						}
					},
					"response": []
				},
				{
					"name": "Delete Voter",
					"request": {
						"method": "DELETE",
						"header": [],
						"url": {
							"raw": "https://localhost:7091/api/v2/voter/4",
							"protocol": "https",
							"host": [
								"localhost"
							],
							"port": "7091",
							"path": [
								"api",
								"v2",
								"voter",
								"4"
							]
						}
					},
					"response": []
				},
				{
					"name": "vote",
					"request": {
						"method": "POST",
						"header": [],
						"body": {
							"mode": "raw",
							"raw": "{\r\n    \"VoterId\" : 2,\r\n    \"CategoryId\" : 2,\r\n    \"CandidateId\" : 2\r\n}",
							"options": {
								"raw": {
									"language": "json"
								}
							}
						},
						"url": {
							"raw": "https://localhost:7091/api/v2/voter/vote",
							"protocol": "https",
							"host": [
								"localhost"
							],
							"port": "7091",
							"path": [
								"api",
								"v2",
								"voter",
								"vote"
							]
						}
					},
					"response": []
				}
			]
		}
	]
}